{"val/l1_15":NaN,"learning_rate":0,"_wandb":{"runtime":47},"train/loss":285.1119384765625,"n_params":32555601,"val/l2":NaN,"train/input_output":{"height":1000,"_type":"image-file","sha256":"352dc98b5d9e46b0346f8b2a02ec843957ab033e80f63befcd87edb2fd6c3f67","size":423770,"path":"media/images/train/input_output_0_352dc98b5d9e46b0346f.png","format":"png","width":1000},"val/loss":NaN,"iteration":5,"train/density_scatter_plot":{"width":640,"height":480,"_type":"image-file","sha256":"f76ce346e513c6f5326043eacd48c05feedafe30fe99ca14afaaf85abb23e8bc","size":25110,"path":"media/images/train/density_scatter_plot_0_f76ce346e513c6f53260.png","format":"png"},"_runtime":47.365906,"train/l1":9.545541763305664,"train/l2":285.1119384765625,"train/boxplot":{"size":19365,"path":"media/images/train/boxplot_0_27d8aa8dc2b64d9fa9ca.png","format":"png","width":1000,"height":600,"_type":"image-file","sha256":"27d8aa8dc2b64d9fa9cae85107f717a616f498e81b0ab6b94c377cadc0c096ed"},"train/l1_20":36.74536895751953,"train/l1_30":37.97391891479492,"train/l1_15":36.74536895751953,"train/ips_throughput":0.5664414167404175,"samples_seen":25,"val/l1_30":NaN,"train/l1_25":37.13823318481445,"val/l1":NaN,"val/l1_25":NaN,"_timestamp":1.737114741191285e+09,"val/l1_20":NaN,"_step":0,"phase_runtime":44.67896127700806}