Prediction_0,Prediction_1,Prediction_2,Prediction_3,Prediction_4,Prediction_5,Prediction_6,Prediction_7,Prediction_8,Prediction_9
0.40511906,-0.23014589,-1.290128,0.0579742,-0.08010978,-0.47204736,0.32356152,0.11938402,0.013185398,-1.1332065
0.87074846,-0.7555088,-2.0327616,-1.1747946,-2.541258,-3.4004912,-3.7756376,-3.9262018,-3.8819315,-2.7485065
0.35897526,-0.08641521,-0.41947985,-0.68198127,-1.4361801,-0.6857511,-0.6610092,-1.7599158,-1.8027985,-1.4846984
