{"train/l1":0.08151093125343323,"_timestamp":1.736862036104897e+09,"learning_rate":0.0007333333333333338,"_wandb":{"runtime":117},"train/input_output":{"size":40900,"path":"media/images/train/input_output_6_715df1f72d6ebf8c57bc.png","format":"png","width":1000,"height":1000,"_type":"image-file","sha256":"715df1f72d6ebf8c57bc5f164e3d3e9b5db66f16a3bbd782ba5278536961b8ee"},"val/l1_25":NaN,"val/l1_15":NaN,"train/ips_throughput":2.560312271118164,"val/loss":NaN,"train/l2":0.011424955911934376,"train/shift_huber":0.005153296049684286,"samples_seen":175,"val/l1_30":NaN,"train/shift_l2":0.030919775366783142,"_step":6,"train/loss":0.011424955911934376,"val/shift_l1":NaN,"val/huber":NaN,"_runtime":111.270681,"val/l1_20":NaN,"train/l1_20":NaN,"val/l2":NaN,"val/shift_huber":NaN,"train/huber":0.0019041593186557293,"n_params":32555601,"train/density_scatter_plot":{"format":"png","width":640,"height":480,"_type":"image-file","sha256":"2daad92514fc13c7e47fe5c024ee7f51382aa88484aaab083ee682a385308b02","size":27402,"path":"media/images/train/density_scatter_plot_6_2daad92514fc13c7e47f.png"},"train/l1_15":NaN,"val/shift_l2":NaN,"iteration":35,"train/l1_30":NaN,"val/l1":NaN,"train/l1_25":NaN,"phase_runtime":10.081761121749878,"train/shift_l1":0.22916609048843384,"train/boxplot":{"format":"png","width":1000,"height":600,"_type":"image-file","sha256":"8c783612e0cf64b0f32c06316ed37ee9d6e653782c132e625958f513a60bb037","size":22728,"path":"media/images/train/boxplot_6_8c783612e0cf64b0f32c.png"}}